Forecast_Month,Predicted_Revenue
Month+1,967241.6608181817
Month+2,1007232.9756363635
Month+3,1047224.2904545454
